{
    "type": "module",
    "name": "lmrtfy",
    "title": "Let Me Roll That For You!",
    "description": "Ask your players to make rolls for you.",
    "version": "1.23",
    "author": "KaKaRoTo, iotech, Limping Ninja, Rughalt, Calego, VTT Lair",
    "scripts": [
        "./src/lmrtfy.js",
        "./src/requestor.js",
        "./src/roller.js"
    ],
    "styles": [
        "/css/lmrtfy.css"
    ],
    "systems": [
        "dnd5e",
        "dnd5eJP",
        "pf1",
        "pf2e",
        "D35E",
        "sw5e",
        "cof",
        "coc",
        "demonlord"
    ],
    "languages": [
        {
            "lang": "en",
            "name": "English",
            "path": "lang/en.json"
        },
        {
            "lang": "ja",
            "name": "日本語 (Japanese)",
            "path": "lang/ja.json"
        },
        {
            "lang": "de",
            "name": "German",
            "path": "lang/de.json"
        },
        {
            "lang": "pt-BR",
            "name": "Português (Brasil)",
            "path": "lang/pt-BR.json"
        },
        {
            "lang": "es",
            "name": "Español",
            "path": "lang/es.json"
        },
        {
            "lang": "fr",
            "name": "Français",
            "path": "lang/fr.json"
        },
        {
            "lang": "cn",
            "name": "中文",
            "path": "lang/cn.json"
        },
        {
            "lang": "zh-tw",
            "name": "正體中文",
            "path": "lang/zh-tw.json"
        },
        {
            "lang": "it",
            "name": "Italiana",
            "path": "lang/it.json"
        }
    ],
    "media": [
        {
            "type": "cover",
            "link": "images/lmrtfy-roller.png"
        },
        {
            "type": "screenshot",
            "link": "images/screenshot.png"
        },
        {
            "type": "screenshot",
            "link": "images/lmrtfy-requestor.png"
        }
    ],
    "socket": true,
    "url": "https://github.com/League-of-Foundry-Developers/fvtt-module-lmrtfy",
    "manifest": "https://github.com/League-of-Foundry-Developers/fvtt-module-lmrtfy/releases/latest/download/module.json",
    "download": "https://github.com/League-of-Foundry-Developers/fvtt-module-lmrtfy/releases/download/v1.23/module.zip",
    "changelog": "https://github.com/League-of-Foundry-Developers/fvtt-module-lmrtfy/releases",
    "bugs": "https://github.com/League-of-Foundry-Developers/fvtt-module-lmrtfy/issues",
    "minimumCoreVersion": "0.8.6",
    "compatibleCoreVersion": "9",
    "allowBugReporter": true
}